[
  {
    "title": "Etiam facilisis sem quis dui tempor commodo",
    "description": "Donec sollicitudin sem sed purus suscipit sodales. In in mi a turpis consectetur",
    "attribute": "14/07/2017 12:30 - 13:15",
    "image": "assets/img/tmp/listing-2.jpg"
  },
  {
    "title": "Etiam facilisis sem quis dui tempor commodo",
    "description": "Donec sollicitudin sem sed purus suscipit sodales. In in mi a turpis consectetur",
    "attribute": "14/07/2017 12:30 - 13:15",
    "image": "assets/img/tmp/listing-3.jpg"
  },
  {
    "title": "Etiam facilisis sem quis dui tempor commodo",
    "description": "Donec sollicitudin sem sed purus suscipit sodales. In in mi a turpis consectetur",
    "attribute": "14/07/2017 12:30 - 13:15",
    "image": "assets/img/tmp/listing-4.jpg"
  },
  {
    "title": "Etiam facilisis sem quis dui tempor commodo",
    "description": "Donec sollicitudin sem sed purus suscipit sodales. In in mi a turpis consectetur",
    "attribute": "14/07/2017 12:30 - 13:15",
    "image": "assets/img/tmp/listing-5.jpg"
  },
  {
    "title": "Etiam facilisis sem quis dui tempor commodo",
    "description": "Donec sollicitudin sem sed purus suscipit sodales. In in mi a turpis consectetur",
    "attribute": "14/07/2017 12:30 - 13:15",
    "image": "assets/img/tmp/listing-6.jpg"
  },
  {
    "title": "Etiam facilisis sem quis dui tempor commodo",
    "description": "Donec sollicitudin sem sed purus suscipit sodales. In in mi a turpis consectetur",
    "attribute": "14/07/2017 12:30 - 13:15",
    "image": "assets/img/tmp/listing-7.jpg"
  },
  {
    "title": "Etiam facilisis sem quis dui tempor commodo",
    "description": "Donec sollicitudin sem sed purus suscipit sodales. In in mi a turpis consectetur",
    "attribute": "14/07/2017 12:30 - 13:15",
    "image": "assets/img/tmp/listing-8.jpg"
  },
  {
    "title": "Etiam facilisis sem quis dui tempor commodo",
    "description": "Donec sollicitudin sem sed purus suscipit sodales. In in mi a turpis consectetur",
    "attribute": "14/07/2017 12:30 - 13:15",
    "image": "assets/img/tmp/listing-9.jpg"
  },
  {
    "title": "Etiam facilisis sem quis dui tempor commodo",
    "description": "Donec sollicitudin sem sed purus suscipit sodales. In in mi a turpis consectetur",
    "attribute": "14/07/2017 12:30 - 13:15",
    "image": "assets/img/tmp/listing-10.jpg"
  },
  {
    "title": "Etiam facilisis sem quis dui tempor commodo",
    "description": "Donec sollicitudin sem sed purus suscipit sodales. In in mi a turpis consectetur",
    "attribute": "14/07/2017 12:30 - 13:15",
    "image": "assets/img/tmp/listing-11.jpg"
  },
  {
    "title": "Etiam facilisis sem quis dui tempor commodo",
    "description": "Donec sollicitudin sem sed purus suscipit sodales. In in mi a turpis consectetur",
    "attribute": "14/07/2017 12:30 - 13:15",
    "image": "assets/img/tmp/listing-12.jpg"
  },
  {
    "title": "Etiam facilisis sem quis dui tempor commodo",
    "description": "Donec sollicitudin sem sed purus suscipit sodales. In in mi a turpis consectetur",
    "attribute": "14/07/2017 12:30 - 13:15",
    "image": "assets/img/tmp/listing-13.jpg"
  },
  {
    "title": "Etiam facilisis sem quis dui tempor commodo",
    "description": "Donec sollicitudin sem sed purus suscipit sodales. In in mi a turpis consectetur",
    "attribute": "14/07/2017 12:30 - 13:15",
    "image": "assets/img/tmp/listing-14.jpg"
  },
  {
    "title": "Etiam facilisis sem quis dui tempor commodo",
    "description": "Donec sollicitudin sem sed purus suscipit sodales. In in mi a turpis consectetur",
    "attribute": "14/07/2017 12:30 - 13:15",
    "image": "assets/img/tmp/listing-15.jpg"
  },
  {
    "title": "Etiam facilisis sem quis dui tempor commodo",
    "description": "Donec sollicitudin sem sed purus suscipit sodales. In in mi a turpis consectetur",
    "attribute": "14/07/2017 12:30 - 13:15",
    "image": "assets/img/tmp/listing-16.jpg"
  },
  {
    "title": "Etiam facilisis sem quis dui tempor commodo",
    "description": "Donec sollicitudin sem sed purus suscipit sodales. In in mi a turpis consectetur",
    "attribute": "14/07/2017 12:30 - 13:15",
    "image": "assets/img/tmp/listing-17.jpg"
  },
  {
    "title": "Etiam facilisis sem quis dui tempor commodo",
    "description": "Donec sollicitudin sem sed purus suscipit sodales. In in mi a turpis consectetur",
    "attribute": "14/07/2017 12:30 - 13:15",
    "image": "assets/img/tmp/listing-18.jpg"
  },
  {
    "title": "Etiam facilisis sem quis dui tempor commodo",
    "description": "Donec sollicitudin sem sed purus suscipit sodales. In in mi a turpis consectetur",
    "attribute": "14/07/2017 12:30 - 13:15",
    "image": "assets/img/tmp/listing-19.jpg"
  },
  {
    "title": "Etiam facilisis sem quis dui tempor commodo",
    "description": "Donec sollicitudin sem sed purus suscipit sodales. In in mi a turpis consectetur",
    "attribute": "14/07/2017 12:30 - 13:15",
    "image": "assets/img/tmp/listing-20.jpg"
  },
  {
    "title": "Etiam facilisis sem quis dui tempor commodo",
    "description": "Donec sollicitudin sem sed purus suscipit sodales. In in mi a turpis consectetur",
    "attribute": "14/07/2017 12:30 - 13:15",
    "image": "assets/img/tmp/listing-21.jpg"
  },    
]