[
	{
		"title": "Data Analytics System",
		"featured": false,
		"author": "Franklin Simon",
		"created": "2 days ago",
		"categories": ["Symfony", "Marketing", "Link building"]
	},
	{
		"title": "Social Media Coaching",
		"featured": false,
		"author": "Franklin Simon",
		"created": "2 days ago",
		"categories": ["Symfony", "Marketing", "Link building"]
	},
	{
		"title": "UX/UI Designer",
		"featured": false,
		"author": "Franklin Simon",
		"created": "2 days ago",
		"categories": ["Symfony", "Marketing", "Link building"]
	},	
	{
		"title": "Website Copywriter",
		"featured": false,
		"author": "Franklin Simon",
		"created": "2 days ago",
		"categories": ["Symfony", "Marketing", "Link building"]
	},
	{
		"title": "WordPress Website Development",
		"featured": false,
		"author": "Franklin Simon",
		"created": "2 days ago",
		"categories": ["Symfony", "Marketing", "Link building"]
	},
	{
		"title": "Open Source CMS Guru",
		"featured": false,
		"author": "Franklin Simon",
		"created": "2 days ago",
		"categories": ["Symfony", "Marketing", "Link building"]
	},	
	{
		"title": "Fullstack Django/Python Developer",
		"featured": false,
		"author": "Franklin Simon",
		"created": "2 days ago",
		"categories": ["Symfony", "Marketing", "Link building"]
	},
	{
		"title": "Mailchimp Marketing",
		"featured": false,
		"author": "Franklin Simon",
		"created": "2 days ago",
		"categories": ["Symfony", "Marketing", "Link building"]
	}				
]