[
    {
        "id": 1,
    	"title": "Cozzy Coffee Shop",
    	"address": "4700 Hart Country Lane Blue Ridge",
    	"category": "Luxury Cars",
    	"excerpt": "Nulla sed tortor luctus, scelerisque velit facilisis, euismod eros. Suspendisse varius dolor sit amet velit ullamcorper, in vestibulum mi efficitur. Fusce ipsum lorem, eleifend eget urna at",
    	"image_thumbnail": "assets/img/tmp/listing-1.jpg",
    	"price": false,
    	"featured": true,
        "verified": false,
    	"of_reviews": 32,
        "gps": {
          "latitude": 47.590115,
          "longitude": -122.246911
        }        
    },
    {
        "id": 2,
    	"title": "Piano Lessons For Beginners",
    	"address": "3071 Ash Avenue Saint Louis",
    	"category": "Gastronomy",
        "excerpt": "Nulla sed tortor luctus, scelerisque velit facilisis, euismod eros. Suspendisse varius dolor sit amet velit ullamcorper, in vestibulum mi efficitur. Fusce ipsum lorem, eleifend eget urna at",
    	"image_thumbnail": "assets/img/tmp/listing-2.jpg",
    	"price": "$44.90",
    	"featured": false,
        "verified": true,
    	"of_reviews": 53,
        "gps": {
          "latitude": 47.610632,
          "longitude": -122.224960
        },
        "info": "Currently viewing <strong>8</strong> people.",        
    },    
    {
        "id": 3,
        "title": "Delicious Ocean Restaurant",
        "address": "3827 Sycamore Lake Road Fremont",
        "category": "Courses",
        "excerpt": "Nulla sed tortor luctus, scelerisque velit facilisis, euismod eros. Suspendisse varius dolor sit amet velit ullamcorper, in vestibulum mi efficitur. Fusce ipsum lorem, eleifend eget urna at",        "image_thumbnail": "assets/img/tmp/listing-3.jpg",
        "price": "$99.90",
        "featured": false,
        "verified": false,
        "of_reviews": 42,
        "gps": {
            "latitude": 47.586344,
            "longitude": -122.247593
        }
    },
    {
        "id": 4,
        "title": "Healthy Breakfast",
        "address": "1148 Elk Rd Little Tucson",
        "category": "Workshops",
        "excerpt": "Nulla sed tortor luctus, scelerisque velit facilisis, euismod eros. Suspendisse varius dolor sit amet velit ullamcorper, in vestibulum mi efficitur. Fusce ipsum lorem, eleifend eget urna at",        "image_thumbnail": "assets/img/tmp/listing-4.jpg",
        "price": "$129.90",
        "featured": false,
        "verified": true,
        "of_reviews": 22,
        "gps": {
            "latitude": 47.607565,
            "longitude": -122.286378
        }
    },  
    {
        "id": 5,
        "title": "London Trip",
        "address": "1464 Briercliff Road Bronx",
        "category": "Education",
        "excerpt": "Nulla sed tortor luctus, scelerisque velit facilisis, euismod eros. Suspendisse varius dolor sit amet velit ullamcorper, in vestibulum mi efficitur. Fusce ipsum lorem, eleifend eget urna at",        "image_thumbnail": "assets/img/tmp/listing-5.jpg",
        "price": "$54.00",
        "featured": false,
        "verified": false,
        "of_reviews": 64,
        "gps": {
            "latitude": 47.580839,
            "longitude": -122.245504
        },
        "info": "Most trending item for last week.",
    },          
    {
        "id": 6,
        "title": "Bio Vegatables",
        "address": "4419 Railroad Street Marquette",
        "category": "Lectures",
        "excerpt": "Nulla sed tortor luctus, scelerisque velit facilisis, euismod eros. Suspendisse varius dolor sit amet velit ullamcorper, in vestibulum mi efficitur. Fusce ipsum lorem, eleifend eget urna at",        "image_thumbnail": "assets/img/tmp/listing-6.jpg",
        "price": "$77.40",
        "featured": false,
        "verified": false,
        "of_reviews": 22,
        "gps": {
            "latitude": 47.560816,
            "longitude": -122.251902
        }
    },
    {
        "id": 7,
        "title": "Food Lessons",
        "address": "1890 Cedarstone Drive New Knoxville",
        "category": "Events",
        "excerpt": "Nulla sed tortor luctus, scelerisque velit facilisis, euismod eros. Suspendisse varius dolor sit amet velit ullamcorper, in vestibulum mi efficitur. Fusce ipsum lorem, eleifend eget urna at",        "image_thumbnail": "assets/img/tmp/listing-7.jpg",
        "price": false,
        "featured": true,
        "verified": false,
        "of_reviews": 76,
        "gps": {
            "latitude": 47.580273,
            "longitude": -122.285868
        }
    },
    {
        "id": 8,
        "title": "Paris Museum",
        "address": "2858 Neuport Lane Norcross",
        "category": "Cooking",
        "excerpt": "Nulla sed tortor luctus, scelerisque velit facilisis, euismod eros. Suspendisse varius dolor sit amet velit ullamcorper, in vestibulum mi efficitur. Fusce ipsum lorem, eleifend eget urna at",        "image_thumbnail": "assets/img/tmp/listing-8.jpg",
        "price": "$87.43",
        "featured": false,
        "verified": true,
        "of_reviews": 62,
        "gps": {
            "latitude": 47.581728,
            "longitude": -122.301586
        }
    },
    {
        "id": 9,
        "title": "Photo Services",
        "address": "3074 Asylum Avenue Danbury",
        "category": "Greenpeace",
        "excerpt": "Nulla sed tortor luctus, scelerisque velit facilisis, euismod eros. Suspendisse varius dolor sit amet velit ullamcorper, in vestibulum mi efficitur. Fusce ipsum lorem, eleifend eget urna at",        "image_thumbnail": "assets/img/tmp/listing-9.jpg",
        "price": "$64.60",
        "featured": false,
        "verified": true,
        "of_reviews": 15,
        "gps": {
            "latitude": 47.594203,
            "longitude": -122.316993
        },
        "info": "Last two spots open.",
    },
    {
        "id": 10,
        "title": "Nightlife Party Club",
        "address": "1542 Rocket Drive Minneapolis",
        "category": "Music",
        "excerpt": "Nulla sed tortor luctus, scelerisque velit facilisis, euismod eros. Suspendisse varius dolor sit amet velit ullamcorper, in vestibulum mi efficitur. Fusce ipsum lorem, eleifend eget urna at",        "image_thumbnail": "assets/img/tmp/listing-10.jpg",
        "price": "$7.90",
        "featured": false,
        "verified": false,
        "of_reviews": 22,
        "gps": {
            "latitude": 47.601496,
            "longitude": -122.330039
        }
    },
    {
        "id": 11,
        "title": "Kebab Restaurant",
        "address": "463 Davis Lane Denver",
        "category": "Computers",
        "excerpt": "Nulla sed tortor luctus, scelerisque velit facilisis, euismod eros. Suspendisse varius dolor sit amet velit ullamcorper, in vestibulum mi efficitur. Fusce ipsum lorem, eleifend eget urna at",        "image_thumbnail": "assets/img/tmp/listing-11.jpg",
        "price": "$342.00",
        "featured": false,
        "verified": false,
        "of_reviews": 62,
        "gps": {
            "latitude": 47.606733,
            "longitude": -122.312701
        }
    },
    {
        "id": 12,
        "title": "T-Shirt Specialized Shop",
        "address": "2460 Ashwood Drive Farragut",
        "category": "Marketing",
        "excerpt": "Nulla sed tortor luctus, scelerisque velit facilisis, euismod eros. Suspendisse varius dolor sit amet velit ullamcorper, in vestibulum mi efficitur. Fusce ipsum lorem, eleifend eget urna at",        "image_thumbnail": "assets/img/tmp/listing-12.jpg",
        "price": "$533.00",
        "featured": false,
        "verified": false,
        "of_reviews": 22,
        "gps": {
            "latitude": 47.634781,
            "longitude": -122.227362
        }
    },
    {
        "id": 13,
        "title": "SUV Cars Reseller",
        "address": "4692 Arbutus Drive Miami Springs",
        "category": "Gastronomy",
        "excerpt": "Nulla sed tortor luctus, scelerisque velit facilisis, euismod eros. Suspendisse varius dolor sit amet velit ullamcorper, in vestibulum mi efficitur. Fusce ipsum lorem, eleifend eget urna at",        "image_thumbnail": "assets/img/tmp/listing-13.jpg",
        "price": false,
        "featured": true,
        "verified": false,
        "of_reviews": 75,
        "gps": {
            "latitude": 47.638774,
            "longitude": -122.284838
        }
    },
    {
        "id": 14,
        "title": "Skateshop",
        "address": "3298 Lewis Street Downers Grove",
        "category": "Mechanics",
        "excerpt": "Nulla sed tortor luctus, scelerisque velit facilisis, euismod eros. Suspendisse varius dolor sit amet velit ullamcorper, in vestibulum mi efficitur. Fusce ipsum lorem, eleifend eget urna at",        "image_thumbnail": "assets/img/tmp/listing-14.jpg",
        "price": "$19.49",
        "featured": false,
        "verified": true,
        "of_reviews": 22,
        "gps": {
            "latitude": 47.558519,
            "longitude": -122.212379
        },
        "info": "Special opening prices available.",
    },
    {
        "id": 15,
        "title": "Royal Hall",
        "address": "3690 Tecumsah Lane Cedar Rapids",
        "category": "Driving",
        "excerpt": "Nulla sed tortor luctus, scelerisque velit facilisis, euismod eros. Suspendisse varius dolor sit amet velit ullamcorper, in vestibulum mi efficitur. Fusce ipsum lorem, eleifend eget urna at",        "image_thumbnail": "assets/img/tmp/listing-15.jpg",
        "price": "$42.43",
        "featured": false,
        "verified": false,
        "of_reviews": 93,
        "gps": {
            "latitude": 47.549150,
            "longitude": -122.186984
        }
    },
    {
        "id": 16,
        "title": "Tower Excursion",
        "address": "1081 Woodside Circle Crestview",
        "category": "Health",
        "excerpt": "Nulla sed tortor luctus, scelerisque velit facilisis, euismod eros. Suspendisse varius dolor sit amet velit ullamcorper, in vestibulum mi efficitur. Fusce ipsum lorem, eleifend eget urna at",        "image_thumbnail": "assets/img/tmp/listing-16.jpg",
        "price": "$65.49",
        "featured": false,
        "verified": true,
        "of_reviews": 6,
        "gps": {
            "latitude": 47.581021,
            "longitude": -122.383370
        },
        "info": "<strong>120</strong> people already purchased.",
    },
    {
        "id": 17,
        "title": "Medieval Castle",
        "address": "4323 Wilkinson Court Fort Myers Beach",
        "category": "Baking",
        "excerpt": "Nulla sed tortor luctus, scelerisque velit facilisis, euismod eros. Suspendisse varius dolor sit amet velit ullamcorper, in vestibulum mi efficitur. Fusce ipsum lorem, eleifend eget urna at",        "image_thumbnail": "assets/img/tmp/listing-17.jpg",
        "price": "$348.00",
        "featured": false,
        "verified": false,
        "of_reviews": 94,
        "gps": {
            "latitude": 47.624969,
            "longitude": -122.195280
        }
    },
    {
        "id": 18,
        "title": "Steak House",
        "address": "1122 Wilkinson Court Naples",
        "category": "Sport cars",
        "excerpt": "Nulla sed tortor luctus, scelerisque velit facilisis, euismod eros. Suspendisse varius dolor sit amet velit ullamcorper, in vestibulum mi efficitur. Fusce ipsum lorem, eleifend eget urna at",        "image_thumbnail": "assets/img/tmp/listing-18.jpg",
        "price": "$9.90",
        "featured": false,
        "verified": false,
        "of_reviews": 54,
        "gps": {
            "latitude": 47.653701,
            "longitude": -122.166476
        }
    },
    {
        "id": 19,
        "title": "Coffee Shop",
        "address": "3006 Par Drive Santa Monica",
        "category": "Industrial",
        "excerpt": "Nulla sed tortor luctus, scelerisque velit facilisis, euismod eros. Suspendisse varius dolor sit amet velit ullamcorper, in vestibulum mi efficitur. Fusce ipsum lorem, eleifend eget urna at",        "image_thumbnail": "assets/img/tmp/listing-19.jpg",
        "price": false,
        "featured": true,
        "verified": true,
        "of_reviews": 8,
        "gps": {
            "latitude": 47.610668,
            "longitude": -122.185702
        }        
    },
    {
        "id": 20,
        "title": "Tasty Pizza Restaurant",
        "address": "2653 Cost Avenue College Park",
        "category": "Finance",
        "excerpt": "Nulla sed tortor luctus, scelerisque velit facilisis, euismod eros. Suspendisse varius dolor sit amet velit ullamcorper, in vestibulum mi efficitur. Fusce ipsum lorem, eleifend eget urna at",        "image_thumbnail": "assets/img/tmp/listing-20.jpg",
        "price": "$83.92",
        "featured": false,
        "verified": true,
        "of_reviews": 76,
        "gps": {
            "latitude": 47.576865,
            "longitude": -122.152056
        },
        "info": "Great price for first <strong>10</strong> buyers.",
    },
    {
        "id": 21,
        "title": "Sushi Bar",
        "address": "2464 Par Drive Los Angeles",
        "category": "Food",
        "excerpt": "Nulla sed tortor luctus, scelerisque velit facilisis, euismod eros. Suspendisse varius dolor sit amet velit ullamcorper, in vestibulum mi efficitur. Fusce ipsum lorem, eleifend eget urna at",        "image_thumbnail": "assets/img/tmp/listing-21.jpg",
        "price": "$934.00",
        "featured": false,
        "verified": false,
        "of_reviews": 32,
        "gps": {
            "latitude": 47.592380,
            "longitude": -122.208018
        }
    },
    {
        "id": 22,
        "title": "Freelance Office",
        "address": "4458 Thompson Drive Richmond",
        "category": "Law",
        "excerpt": "Nulla sed tortor luctus, scelerisque velit facilisis, euismod eros. Suspendisse varius dolor sit amet velit ullamcorper, in vestibulum mi efficitur. Fusce ipsum lorem, eleifend eget urna at",        "image_thumbnail": "assets/img/tmp/listing-22.jpg",
        "price": "$37.90",
        "featured": false,
        "verified": false,
        "of_reviews": 22,
        "gps": {
            "latitude": 47.640301,
            "longitude": -122.321014
        }
    },
    {
        "id": 23,
        "title": "Village Park",
        "address": "712 Ocala Street Kissimmee",
        "category": "Automotive",
        "excerpt": "Nulla sed tortor luctus, scelerisque velit facilisis, euismod eros. Suspendisse varius dolor sit amet velit ullamcorper, in vestibulum mi efficitur. Fusce ipsum lorem, eleifend eget urna at",        "image_thumbnail": "assets/img/tmp/listing-23.jpg",
        "price": "$93.00",
        "featured": false,
        "verified": true,
        "of_reviews": 32,
        "gps": {
            "latitude": 47.553713,
            "longitude": -122.283592
        },
        "info": "New retail store opening.",
    },
    {
        "id": 24,
        "title": "Little Tavern",
        "address": "2164 Hilltop Haven Drive Newark",
        "category": "Business",
        "excerpt": "Nulla sed tortor luctus, scelerisque velit facilisis, euismod eros. Suspendisse varius dolor sit amet velit ullamcorper, in vestibulum mi efficitur. Fusce ipsum lorem, eleifend eget urna at",        "image_thumbnail": "assets/img/tmp/listing-24.jpg",
        "price": "$923.00",
        "featured": false,
        "verified": true,
        "of_reviews": 96,
        "gps": {
            "latitude": 47.536564,
            "longitude": -122.232437
        }
    },
    {
        "id": 25,
        "title": "Ideal Garden Maintenance",
        "address": "2813 Preston Street Wichita",
        "category": "Education",
        "excerpt": "Nulla sed tortor luctus, scelerisque velit facilisis, euismod eros. Suspendisse varius dolor sit amet velit ullamcorper, in vestibulum mi efficitur. Fusce ipsum lorem, eleifend eget urna at",        "image_thumbnail": "assets/img/tmp/listing-1.jpg",
        "price": false,
        "featured": true,
        "verified": true,
        "of_reviews": 32,
        "gps": {
            "latitude": 47.638450,
            "longitude": -122.404441
        }
    },
    {
        "id": 26,
        "title": "Griff's Hamburgers",
        "address": "3228 Hillview Street Columbia",
        "category": "Events",
        "excerpt": "Nulla sed tortor luctus, scelerisque velit facilisis, euismod eros. Suspendisse varius dolor sit amet velit ullamcorper, in vestibulum mi efficitur. Fusce ipsum lorem, eleifend eget urna at",        "image_thumbnail": "assets/img/tmp/listing-2.jpg",
        "price": "$92.00",
        "featured": false,
        "verified": true,
        "of_reviews": 22,
        "gps": {
            "latitude": 47.568309,
            "longitude": -122.335777
        },
        "info": "Most visited monthly trendsetter.",
    },
    {
        "id": 27,
        "title": "Erb Lumber",
        "address": "2155 Philli Lane Mcalester",
        "category": "Museum",
        "excerpt": "Nulla sed tortor luctus, scelerisque velit facilisis, euismod eros. Suspendisse varius dolor sit amet velit ullamcorper, in vestibulum mi efficitur. Fusce ipsum lorem, eleifend eget urna at",        "image_thumbnail": "assets/img/tmp/listing-3.jpg",
        "price": "$76.90",
        "featured": false,
        "verified": false,
        "of_reviews": 22,
        "gps": {
            "latitude": 47.565529,
            "longitude": -122.377319
        }
    },
    {
        "id": 28,
        "title": "Custom Lawn Care",
        "address": "2287 Maple Avenue Stockton",
        "category": "Courses",
        "excerpt": "Nulla sed tortor luctus, scelerisque velit facilisis, euismod eros. Suspendisse varius dolor sit amet velit ullamcorper, in vestibulum mi efficitur. Fusce ipsum lorem, eleifend eget urna at",        "image_thumbnail": "assets/img/tmp/listing-4.jpg",
        "price": "$302.00",
        "featured": false,
        "verified": true,
        "of_reviews": 54,
        "gps": {
            "latitude": 47.647934,
            "longitude": -122.337837
        }
    },
    {
        "id": 29,
        "title": "Lafayette Radio",
        "address": "2374 Lucy Lane Evansville",
        "category": "Workshops",
        "excerpt": "Nulla sed tortor luctus, scelerisque velit facilisis, euismod eros. Suspendisse varius dolor sit amet velit ullamcorper, in vestibulum mi efficitur. Fusce ipsum lorem, eleifend eget urna at",        "image_thumbnail": "assets/img/tmp/listing-5.jpg",
        "price": "$20.90",
        "featured": false,
        "verified": true,
        "of_reviews": 22,
        "gps": {
            "latitude": 47.623642,
            "longitude": -122.365989
        }
    },
    {
        "id": 30,
        "title": "Wild Oats Markets",
        "address": "2906 Flanigan Oaks Drive Hagerstown",
        "category": "Health",
        "excerpt": "Nulla sed tortor luctus, scelerisque velit facilisis, euismod eros. Suspendisse varius dolor sit amet velit ullamcorper, in vestibulum mi efficitur. Fusce ipsum lorem, eleifend eget urna at",        "image_thumbnail": "assets/img/tmp/listing-6.jpg",
        "price": "$921.49",
        "featured": false,
        "verified": false,
        "of_reviews": 65,
        "gps": {
            "latitude": 47.608536,
            "longitude": -122.337828
        },
        "info": "This week purchased by <strong>82</strong> clients.",
    }
]