[
  {
    "id": 1,
    "title": "Directory core refactoring",
    "description": "Vivamus blandit iaculis orci, vel hendrerit felis",
    "monogram": "HF",
    "date": "27 January 2018"
  },
  {
    "id": 2,
    "title": "SEO on page optimization",
    "description": "Etiam porta ipsum et ligula pellentesque",
    "monogram": "FG",
    "date": "27 January 2018"
  },
  {
    "id": 3,
    "title": "Better search experience",
    "description": "Duis placerat hendrerit dictum",
    "monogram": "KV",
    "date": "27 January 2018"
  },
  {
    "id": 4,
    "title": "iOS native application",
    "description": "Sed rutrum nulla non felis lacinia, vitae",
    "monogram": "HF",
    "date": "27 January 2018"
  },
  {
    "id": 5,
    "title": "Importing new content",
    "description": "Aliquam erat volutpat. Fusce leo est",
    "monogram": "PT",
    "date": "27 January 2018"
  },
  {
    "id": 6,
    "title": "Tools for server monitoring",
    "description": "Mauris dignissim turpis eget finibu",
    "monogram": "XC",
    "date": "27 January 2018"
  },
  {
    "id": 7,
    "title": "Client side Angular 2 app",
    "description": "Quisque neque ipsum, ultricies",
    "monogram": "NG",
    "date": "27 January 2018"
  },
  {
    "id": 8,
    "title": "Official API documentation",
    "description": "In dolor mauris, interdum nec urna in",
    "monogram": "HF",
    "date": "27 January 2018"
  },
  {
    "id": 9,
    "title": "Backend course",
    "description": "Condimentum finibus erat",
    "monogram": "WM",
    "date": "27 January 2018"
  },
  {
    "id": 10,
    "title": "Handle upcoming interviews",
    "description": "Mauris porttitor tortor sit amet felis",
    "monogram": "VO",
    "date": "27 January 2018"
  }
]