[
  {
    "id": 2929,
    "user_id": 1,
    "user_name": "Amanda D. Cassell",
    "title": "Create business plan for client",
    "description": "Sed aliquam ut orci tristique rhoncus. Phasellus sollicitudin ex"
  },
  {
    "id": 234,
    "user_id": 2,
    "user_name": "Tyler D. Kyles",
    "title": "Create business plan for client",
    "description": "Sed aliquam ut orci tristique rhoncus. Phasellus sollicitudin ex"
  },
  {
    "id": 123,
    "user_id": 3,
    "user_name": "Trevor M. Utt",
    "title": "Create business plan for client",
    "description": "Sed aliquam ut orci tristique rhoncus. Phasellus sollicitudin ex"
  },
  {
    "id": 7567,
    "user_id": 4,
    "user_name": "Paula T. Pendarvis",
    "title": "Create business plan for client",
    "description": "Sed aliquam ut orci tristique rhoncus. Phasellus sollicitudin ex"
  },
  {
    "id": 3452,
    "user_id": 5,
    "user_name": "Barbara N. Bunting",
    "title": "Create business plan for client",
    "description": "Sed aliquam ut orci tristique rhoncus. Phasellus sollicitudin ex"
  },
  {
    "id": 34648,
    "user_id": 6,
    "user_name": "Paul N. Rock",
    "title": "Create business plan for client",
    "description": "Sed aliquam ut orci tristique rhoncus. Phasellus sollicitudin ex"
  },
  {
    "id": 3948,
    "user_id": 7,
    "user_name": "Melissa B. Schneider",
    "title": "Create business plan for client",
    "description": "Sed aliquam ut orci tristique rhoncus. Phasellus sollicitudin ex"
  },
  {
    "id": 7069,
    "user_id": 8,
    "user_name": "Effie B. Levine",
    "title": "Create business plan for client",
    "description": "Sed aliquam ut orci tristique rhoncus. Phasellus sollicitudin ex"
  },
]